[{"model": "auth.user", "pk": 1, "fields": {"password": "pbkdf2_sha256$1000000$tO1y2UdWmSqO3BH2NaFrNp$UQytYIJ1NZgs9uVZWJe3jCs3QvyDN7PTMe8CZc5RD8U=", "last_login": "2026-03-02T17:09:15.148Z", "is_superuser": true, "username": "rosariodev", "first_name": "", "last_name": "", "email": "luisrosario@rosariodev.com", "is_staff": true, "is_active": true, "date_joined": "2025-12-02T00:28:24.004Z", "groups": [], "user_permissions": []}}, {"model": "auth.user", "pk": 2, "fields": {"password": "pbkdf2_sha256$1000000$1tZISxoOT5lUPx2GAST4CK$wVmMCXkv4THNrS8SX1sXGvkzyiwuxHvHQtzliULULDQ=", "last_login": "2026-03-02T17:09:38.069Z", "is_superuser": false, "username": "rosarioalicealuis@gmail.com", "first_name": "", "last_name": "", "email": "rosarioalicealuis@gmail.com", "is_staff": false, "is_active": true, "date_joined": "2026-02-10T04:29:01.338Z", "groups": [], "user_permissions": []}}, {"model": "auth.user", "pk": 3, "fields": {"password": "pbkdf2_sha256$1000000$SZ0MAqJk2C0kVn18aW9WLl$INcaq4V/+86W2RjZF0R/8lD2IvL2Su1jPvgUOtJDO3M=", "last_login": "2026-02-10T12:27:53.801Z", "is_superuser": false, "username": "luillo_rosario_17@outlook.es", "first_name": "", "last_name": "", "email": "luillo_rosario_17@outlook.es", "is_staff": false, "is_active": true, "date_joined": "2026-02-10T12:11:12Z", "groups": [], "user_permissions": []}}, {"model": "auth.user", "pk": 4, "fields": {"password": "pbkdf2_sha256$1000000$dXgbEALWwHeuXhKMitBQSR$oSM7EFtopdRJrywAmvUBkZpGDmATEHads0h3xlOncK0=", "last_login": "2026-02-23T03:36:09.897Z", "is_superuser": false, "username": "luillorosario17@gmail.com", "first_name": "", "last_name": "", "email": "luillorosario17@gmail.com", "is_staff": false, "is_active": true, "date_joined": "2026-02-23T03:20:05.984Z", "groups": [], "user_permissions": []}}, {"model": "auth.user", "pk": 5, "fields": {"password": "pbkdf2_sha256$1000000$sEddG3TXuGt5WjCF46arBt$jytBhd+c2i0PIAONUpwbSvniwI5qQXamEU231EhlRmo=", "last_login": null, "is_superuser": false, "username": "mnegron0526@gmail.com", "first_name": "", "last_name": "", "email": "mnegron0526@gmail.com", "is_staff": false, "is_active": true, "date_joined": "2026-02-23T21:08:20.542Z", "groups": [], "user_permissions": []}}, {"model": "booking.trainer", "pk": 1, "fields": {"user": 3, "business_name": "Rosariodev Demo", "slug": "rosariodev-demo", "slot_duration_minutes": 60, "buffer_minutes": 0, "session_price": "10.00", "capacity_per_slot": 5, "ath_mobile_handle": "Luis Rosario", "ath_qr_image": "ath_qr/Screenshot_2025-12-01_at_8.38.18PM.png", "currency": "USD", "discount_code": "", "discount_percent_off": 0, "discount_expires_on": null, "discount_max_uses": 0, "booking_window_days": 7, "cancellation_hours_before": 24, "custom_instructions": "Dinero no sera reembolsado a cancelaciones sin previo aviso de 24horas.", "show_qr_on_checkout": true, "max_slots_per_week_per_client": 7, "active": true, "email_verified": false, "email_verified_at": null, "is_approved": true, "stripe_account_id": "acct_1Sz88WRqNbP3ACaH", "stripe_onboarded": false, "platform_fee_percent_override": null, "allow_stripe_refunds": false}}, {"model": "booking.trainer", "pk": 2, "fields": {"user": 2, "business_name": "LuisRosarioPT", "slug": "luisrosariopt", "slot_duration_minutes": 60, "buffer_minutes": 0, "session_price": "45.00", "capacity_per_slot": 5, "ath_mobile_handle": "7872397182", "ath_qr_image": "", "currency": "USD", "discount_code": "", "discount_percent_off": 0, "discount_expires_on": null, "discount_max_uses": 0, "booking_window_days": 7, "cancellation_hours_before": 12, "custom_instructions": "", "show_qr_on_checkout": true, "max_slots_per_week_per_client": 7, "active": true, "email_verified": true, "email_verified_at": "2026-02-23T03:17:53Z", "is_approved": true, "stripe_account_id": "acct_1T1CDsRyKcSlEdTf", "stripe_onboarded": true, "platform_fee_percent_override": "10.00", "allow_stripe_refunds": true}}, {"model": "booking.trainer", "pk": 3, "fields": {"user": 4, "business_name": "TestTrainer1", "slug": "testtrainer1", "slot_duration_minutes": 60, "buffer_minutes": 0, "session_price": "10.00", "capacity_per_slot": 5, "ath_mobile_handle": "", "ath_qr_image": "", "currency": "USD", "discount_code": "", "discount_percent_off": 0, "discount_expires_on": null, "discount_max_uses": 0, "booking_window_days": 7, "cancellation_hours_before": 12, "custom_instructions": "", "show_qr_on_checkout": true, "max_slots_per_week_per_client": 7, "active": true, "email_verified": true, "email_verified_at": "2026-02-23T03:21:30.235Z", "is_approved": false, "stripe_account_id": null, "stripe_onboarded": false, "platform_fee_percent_override": null, "allow_stripe_refunds": false}}, {"model": "booking.traineravailability", "pk": 1, "fields": {"trainer": 1, "weekday": 0, "start_time": "05:00:00", "end_time": "12:00:00", "slot_capacity": 5, "active": true}}, {"model": "booking.traineravailability", "pk": 2, "fields": {"trainer": 1, "weekday": 0, "start_time": "17:00:00", "end_time": "23:00:00", "slot_capacity": 5, "active": true}}, {"model": "booking.traineravailability", "pk": 3, "fields": {"trainer": 1, "weekday": 1, "start_time": "00:00:00", "end_time": "23:50:50", "slot_capacity": 5, "active": true}}, {"model": "booking.traineravailability", "pk": 4, "fields": {"trainer": 1, "weekday": 5, "start_time": "12:00:00", "end_time": "19:00:00", "slot_capacity": 5, "active": true}}, {"model": "booking.traineravailability", "pk": 5, "fields": {"trainer": 2, "weekday": 0, "start_time": "21:38:00", "end_time": "23:00:00", "slot_capacity": 5, "active": true}}, {"model": "booking.traineravailability", "pk": 6, "fields": {"trainer": 2, "weekday": 3, "start_time": "09:00:00", "end_time": "13:00:00", "slot_capacity": 5, "active": true}}, {"model": "booking.traineravailability", "pk": 7, "fields": {"trainer": 2, "weekday": 4, "start_time": "08:00:00", "end_time": "15:00:00", "slot_capacity": 5, "active": true}}, {"model": "booking.traineravailability", "pk": 8, "fields": {"trainer": 2, "weekday": 5, "start_time": "08:00:00", "end_time": "11:00:00", "slot_capacity": 5, "active": true}}, {"model": "booking.traineravailability", "pk": 9, "fields": {"trainer": 2, "weekday": 6, "start_time": "08:00:00", "end_time": "10:00:00", "slot_capacity": 5, "active": true}}, {"model": "booking.traineravailability", "pk": 10, "fields": {"trainer": 3, "weekday": 0, "start_time": "08:00:00", "end_time": "12:30:00", "slot_capacity": 5, "active": true}}, {"model": "booking.traineravailability", "pk": 11, "fields": {"trainer": 2, "weekday": 3, "start_time": "17:00:00", "end_time": "22:30:00", "slot_capacity": 5, "active": true}}, {"model": "booking.traineravailability", "pk": 12, "fields": {"trainer": 2, "weekday": 6, "start_time": "17:00:00", "end_time": "21:00:00", "slot_capacity": 5, "active": true}}, {"model": "booking.timeslot", "pk": 1, "fields": {"trainer": 1, "date": "2025-12-01", "time": "05:00:00", "duration_minutes": null, "capacity": 5, "active": true}}, {"model": "booking.timeslot", "pk": 2, "fields": {"trainer": 1, "date": "2025-12-01", "time": "06:00:00", "duration_minutes": null, "capacity": 5, "active": true}}, {"model": "booking.timeslot", "pk": 3, "fields": {"trainer": 1, "date": "2025-12-01", "time": "07:00:00", "duration_minutes": null, "capacity": 5, "active": true}}, {"model": "booking.timeslot", "pk": 4, "fields": {"trainer": 1, "date": "2025-12-01", "time": "08:00:00", "duration_minutes": null, "capacity": 5, "active": true}}, {"model": "booking.timeslot", "pk": 5, "fields": {"trainer": 1, "date": "2025-12-01", "time": "09:00:00", "duration_minutes": null, "capacity": 5, "active": true}}, {"model": "booking.timeslot", "pk": 6, "fields": {"trainer": 1, "date": "2025-12-01", "time": "10:00:00", "duration_minutes": null, "capacity": 5, "active": true}}, {"model": "booking.timeslot", "pk": 7, "fields": {"trainer": 1, "date": "2025-12-01", "time": "11:00:00", "duration_minutes": null, "capacity": 5, "active": true}}, {"model": "booking.timeslot", "pk": 8, "fields": {"trainer": 1, "date": "2025-12-01", "time": "17:00:00", "duration_minutes": null, "capacity": 5, "active": true}}, {"model": "booking.timeslot", "pk": 9, "fields": {"trainer": 1, "date": "2025-12-01", "time": "18:00:00", "duration_minutes": null, "capacity": 5, "active": true}}, {"model": "booking.timeslot", "pk": 10, "fields": {"trainer": 1, "date": "2025-12-01", "time": "19:00:00", "duration_minutes": null, "capacity": 5, "active": true}}, {"model": "booking.timeslot", "pk": 11, "fields": {"trainer": 1, "date": "2025-12-01", "time": "20:00:00", "duration_minutes": null, "capacity": 5, "active": true}}, {"model": "booking.timeslot", "pk": 12, "fields": {"trainer": 1, "date": "2025-12-01", "time": "21:00:00", "duration_minutes": null, "capacity": 5, "active": true}}, {"model": "booking.timeslot", "pk": 13, "fields": {"trainer": 1, "date": "2025-12-01", "time": "22:00:00", "duration_minutes": null, "capacity": 5, "active": true}}, {"model": "booking.timeslot", "pk": 14, "fields": {"trainer": 1, "date": "2025-12-02", "time": "00:00:00", "duration_minutes": null, "capacity": 5, "active": true}}, {"model": "booking.timeslot", "pk": 15, "fields": {"trainer": 1, "date": "2025-12-02", "time": "01:00:00", "duration_minutes": null, "capacity": 5, "active": true}}, {"model": "booking.timeslot", "pk": 16, "fields": {"trainer": 1, "date": "2025-12-02", "time": "02:00:00", "duration_minutes": null, "capacity": 5, "active": true}}, {"model": "booking.timeslot", "pk": 17, "fields": {"trainer": 1, "date": "2025-12-02", "time": "03:00:00", "duration_minutes": null, "capacity": 5, "active": true}}, {"model": "booking.timeslot", "pk": 18, "fields": {"trainer": 1, "date": "2025-12-02", "time": "04:00:00", "duration_minutes": null, "capacity": 5, "active": true}}, {"model": "booking.timeslot", "pk": 19, "fields": {"trainer": 1, "date": "2025-12-02", "time": "05:00:00", "duration_minutes": null, "capacity": 5, "active": true}}, {"model": "booking.timeslot", "pk": 20, "fields": {"trainer": 1, "date": "2025-12-02", "time": "06:00:00", "duration_minutes": null, "capacity": 5, "active": true}}, {"model": "booking.timeslot", "pk": 21, "fields": {"trainer": 1, "date": "2025-12-02", "time": "07:00:00", "duration_minutes": null, "capacity": 5, "active": true}}, {"model": "booking.timeslot", "pk": 22, "fields": {"trainer": 1, "date": "2025-12-02", "time": "08:00:00", "duration_minutes": null, "capacity": 5, "active": true}}, {"model": "booking.timeslot", "pk": 23, "fields": {"trainer": 1, "date": "2025-12-02", "time": "09:00:00", "duration_minutes": null, "capacity": 5, "active": true}}, {"model": "booking.timeslot", "pk": 24, "fields": {"trainer": 1, "date": "2025-12-02", "time": "10:00:00", "duration_minutes": null, "capacity": 5, "active": true}}, {"model": "booking.timeslot", "pk": 25, "fields": {"trainer": 1, "date": "2025-12-02", "time": "11:00:00", "duration_minutes": null, "capacity": 5, "active": true}}, {"model": "booking.timeslot", "pk": 26, "fields": {"trainer": 1, "date": "2025-12-02", "time": "12:00:00", "duration_minutes": null, "capacity": 5, "active": true}}, {"model": "booking.timeslot", "pk": 27, "fields": {"trainer": 1, "date": "2025-12-02", "time": "13:00:00", "duration_minutes": null, "capacity": 5, "active": true}}, {"model": "booking.timeslot", "pk": 28, "fields": {"trainer": 1, "date": "2025-12-02", "time": "14:00:00", "duration_minutes": null, "capacity": 5, "active": true}}, {"model": "booking.timeslot", "pk": 29, "fields": {"trainer": 1, "date": "2025-12-02", "time": "15:00:00", "duration_minutes": null, "capacity": 5, "active": true}}, {"model": "booking.timeslot", "pk": 30, "fields": {"trainer": 1, "date": "2025-12-02", "time": "16:00:00", "duration_minutes": null, "capacity": 5, "active": true}}, {"model": "booking.timeslot", "pk": 31, "fields": {"trainer": 1, "date": "2025-12-02", "time": "17:00:00", "duration_minutes": null, "capacity": 5, "active": true}}, {"model": "booking.timeslot", "pk": 32, "fields": {"trainer": 1, "date": "2025-12-02", "time": "18:00:00", "duration_minutes": null, "capacity": 5, "active": true}}, {"model": "booking.timeslot", "pk": 33, "fields": {"trainer": 1, "date": "2025-12-02", "time": "19:00:00", "duration_minutes": null, "capacity": 5, "active": true}}, {"model": "booking.timeslot", "pk": 34, "fields": {"trainer": 1, "date": "2025-12-02", "time": "20:00:00", "duration_minutes": null, "capacity": 5, "active": true}}, {"model": "booking.timeslot", "pk": 35, "fields": {"trainer": 1, "date": "2025-12-02", "time": "21:00:00", "duration_minutes": null, "capacity": 5, "active": true}}, {"model": "booking.timeslot", "pk": 36, "fields": {"trainer": 1, "date": "2025-12-02", "time": "22:00:00", "duration_minutes": null, "capacity": 5, "active": true}}, {"model": "booking.timeslot", "pk": 37, "fields": {"trainer": 1, "date": "2025-12-08", "time": "05:00:00", "duration_minutes": null, "capacity": 5, "active": true}}, {"model": "booking.timeslot", "pk": 38, "fields": {"trainer": 1, "date": "2025-12-08", "time": "06:00:00", "duration_minutes": null, "capacity": 5, "active": true}}, {"model": "booking.timeslot", "pk": 39, "fields": {"trainer": 1, "date": "2025-12-08", "time": "07:00:00", "duration_minutes": null, "capacity": 5, "active": true}}, {"model": "booking.timeslot", "pk": 40, "fields": {"trainer": 1, "date": "2025-12-08", "time": "08:00:00", "duration_minutes": null, "capacity": 5, "active": true}}, {"model": "booking.timeslot", "pk": 41, "fields": {"trainer": 1, "date": "2025-12-08", "time": "09:00:00", "duration_minutes": null, "capacity": 5, "active": true}}, {"model": "booking.timeslot", "pk": 42, "fields": {"trainer": 1, "date": "2025-12-08", "time": "10:00:00", "duration_minutes": null, "capacity": 5, "active": true}}, {"model": "booking.timeslot", "pk": 43, "fields": {"trainer": 1, "date": "2025-12-08", "time": "11:00:00", "duration_minutes": null, "capacity": 5, "active": true}}, {"model": "booking.timeslot", "pk": 44, "fields": {"trainer": 1, "date": "2025-12-08", "time": "17:00:00", "duration_minutes": null, "capacity": 5, "active": true}}, {"model": "booking.timeslot", "pk": 45, "fields": {"trainer": 1, "date": "2025-12-08", "time": "18:00:00", "duration_minutes": null, "capacity": 5, "active": true}}, {"model": "booking.timeslot", "pk": 46, "fields": {"trainer": 1, "date": "2025-12-08", "time": "19:00:00", "duration_minutes": null, "capacity": 5, "active": true}}, {"model": "booking.timeslot", "pk": 47, "fields": {"trainer": 1, "date": "2025-12-08", "time": "20:00:00", "duration_minutes": null, "capacity": 5, "active": true}}, {"model": "booking.timeslot", "pk": 48, "fields": {"trainer": 1, "date": "2025-12-08", "time": "21:00:00", "duration_minutes": null, "capacity": 5, "active": true}}, {"model": "booking.timeslot", "pk": 49, "fields": {"trainer": 1, "date": "2025-12-08", "time": "22:00:00", "duration_minutes": null, "capacity": 5, "active": true}}, {"model": "booking.timeslot", "pk": 50, "fields": {"trainer": 1, "date": "2026-02-09", "time": "05:00:00", "duration_minutes": null, "capacity": 5, "active": true}}, {"model": "booking.timeslot", "pk": 51, "fields": {"trainer": 1, "date": "2026-02-09", "time": "06:00:00", "duration_minutes": null, "capacity": 5, "active": true}}, {"model": "booking.timeslot", "pk": 52, "fields": {"trainer": 1, "date": "2026-02-09", "time": "07:00:00", "duration_minutes": null, "capacity": 5, "active": true}}, {"model": "booking.timeslot", "pk": 53, "fields": {"trainer": 1, "date": "2026-02-09", "time": "08:00:00", "duration_minutes": null, "capacity": 5, "active": true}}, {"model": "booking.timeslot", "pk": 54, "fields": {"trainer": 1, "date": "2026-02-09", "time": "09:00:00", "duration_minutes": null, "capacity": 5, "active": true}}, {"model": "booking.timeslot", "pk": 55, "fields": {"trainer": 1, "date": "2026-02-09", "time": "10:00:00", "duration_minutes": null, "capacity": 5, "active": true}}, {"model": "booking.timeslot", "pk": 56, "fields": {"trainer": 1, "date": "2026-02-09", "time": "11:00:00", "duration_minutes": null, "capacity": 5, "active": true}}, {"model": "booking.timeslot", "pk": 57, "fields": {"trainer": 1, "date": "2026-02-09", "time": "17:00:00", "duration_minutes": null, "capacity": 5, "active": true}}, {"model": "booking.timeslot", "pk": 58, "fields": {"trainer": 1, "date": "2026-02-09", "time": "18:00:00", "duration_minutes": null, "capacity": 5, "active": true}}, {"model": "booking.timeslot", "pk": 59, "fields": {"trainer": 1, "date": "2026-02-09", "time": "19:00:00", "duration_minutes": null, "capacity": 5, "active": true}}, {"model": "booking.timeslot", "pk": 60, "fields": {"trainer": 1, "date": "2026-02-09", "time": "20:00:00", "duration_minutes": null, "capacity": 5, "active": true}}, {"model": "booking.timeslot", "pk": 61, "fields": {"trainer": 1, "date": "2026-02-09", "time": "21:00:00", "duration_minutes": null, "capacity": 5, "active": true}}, {"model": "booking.timeslot", "pk": 62, "fields": {"trainer": 1, "date": "2026-02-09", "time": "22:00:00", "duration_minutes": null, "capacity": 5, "active": true}}, {"model": "booking.timeslot", "pk": 63, "fields": {"trainer": 1, "date": "2026-02-10", "time": "00:00:00", "duration_minutes": null, "capacity": 5, "active": true}}, {"model": "booking.timeslot", "pk": 64, "fields": {"trainer": 1, "date": "2026-02-10", "time": "01:00:00", "duration_minutes": null, "capacity": 5, "active": true}}, {"model": "booking.timeslot", "pk": 65, "fields": {"trainer": 1, "date": "2026-02-10", "time": "02:00:00", "duration_minutes": null, "capacity": 5, "active": true}}, {"model": "booking.timeslot", "pk": 66, "fields": {"trainer": 1, "date": "2026-02-10", "time": "03:00:00", "duration_minutes": null, "capacity": 5, "active": true}}, {"model": "booking.timeslot", "pk": 67, "fields": {"trainer": 1, "date": "2026-02-10", "time": "04:00:00", "duration_minutes": null, "capacity": 5, "active": true}}, {"model": "booking.timeslot", "pk": 68, "fields": {"trainer": 1, "date": "2026-02-10", "time": "05:00:00", "duration_minutes": null, "capacity": 5, "active": true}}, {"model": "booking.timeslot", "pk": 69, "fields": {"trainer": 1, "date": "2026-02-10", "time": "06:00:00", "duration_minutes": null, "capacity": 5, "active": true}}, {"model": "booking.timeslot", "pk": 70, "fields": {"trainer": 1, "date": "2026-02-10", "time": "07:00:00", "duration_minutes": null, "capacity": 5, "active": true}}, {"model": "booking.timeslot", "pk": 71, "fields": {"trainer": 1, "date": "2026-02-10", "time": "08:00:00", "duration_minutes": null, "capacity": 5, "active": true}}, {"model": "booking.timeslot", "pk": 72, "fields": {"trainer": 1, "date": "2026-02-10", "time": "09:00:00", "duration_minutes": null, "capacity": 5, "active": true}}, {"model": "booking.timeslot", "pk": 73, "fields": {"trainer": 1, "date": "2026-02-10", "time": "10:00:00", "duration_minutes": null, "capacity": 5, "active": true}}, {"model": "booking.timeslot", "pk": 74, "fields": {"trainer": 1, "date": "2026-02-10", "time": "11:00:00", "duration_minutes": null, "capacity": 5, "active": true}}, {"model": "booking.timeslot", "pk": 75, "fields": {"trainer": 1, "date": "2026-02-10", "time": "12:00:00", "duration_minutes": null, "capacity": 5, "active": true}}, {"model": "booking.timeslot", "pk": 76, "fields": {"trainer": 1, "date": "2026-02-10", "time": "13:00:00", "duration_minutes": null, "capacity": 5, "active": true}}, {"model": "booking.timeslot", "pk": 77, "fields": {"trainer": 1, "date": "2026-02-10", "time": "14:00:00", "duration_minutes": null, "capacity": 5, "active": true}}, {"model": "booking.timeslot", "pk": 78, "fields": {"trainer": 1, "date": "2026-02-10", "time": "15:00:00", "duration_minutes": null, "capacity": 5, "active": true}}, {"model": "booking.timeslot", "pk": 79, "fields": {"trainer": 1, "date": "2026-02-10", "time": "16:00:00", "duration_minutes": null, "capacity": 5, "active": true}}, {"model": "booking.timeslot", "pk": 80, "fields": {"trainer": 1, "date": "2026-02-10", "time": "17:00:00", "duration_minutes": null, "capacity": 5, "active": true}}, {"model": "booking.timeslot", "pk": 81, "fields": {"trainer": 1, "date": "2026-02-10", "time": "18:00:00", "duration_minutes": null, "capacity": 5, "active": true}}, {"model": "booking.timeslot", "pk": 82, "fields": {"trainer": 1, "date": "2026-02-10", "time": "19:00:00", "duration_minutes": null, "capacity": 5, "active": true}}, {"model": "booking.timeslot", "pk": 83, "fields": {"trainer": 1, "date": "2026-02-10", "time": "20:00:00", "duration_minutes": null, "capacity": 5, "active": true}}, {"model": "booking.timeslot", "pk": 84, "fields": {"trainer": 1, "date": "2026-02-10", "time": "21:00:00", "duration_minutes": null, "capacity": 5, "active": true}}, {"model": "booking.timeslot", "pk": 85, "fields": {"trainer": 1, "date": "2026-02-10", "time": "22:00:00", "duration_minutes": null, "capacity": 5, "active": true}}, {"model": "booking.timeslot", "pk": 86, "fields": {"trainer": 1, "date": "2026-02-14", "time": "12:00:00", "duration_minutes": null, "capacity": 5, "active": true}}, {"model": "booking.timeslot", "pk": 87, "fields": {"trainer": 1, "date": "2026-02-14", "time": "13:00:00", "duration_minutes": null, "capacity": 5, "active": true}}, {"model": "booking.timeslot", "pk": 88, "fields": {"trainer": 1, "date": "2026-02-14", "time": "14:00:00", "duration_minutes": null, "capacity": 5, "active": true}}, {"model": "booking.timeslot", "pk": 89, "fields": {"trainer": 1, "date": "2026-02-14", "time": "15:00:00", "duration_minutes": null, "capacity": 5, "active": true}}, {"model": "booking.timeslot", "pk": 90, "fields": {"trainer": 1, "date": "2026-02-14", "time": "16:00:00", "duration_minutes": null, "capacity": 5, "active": true}}, {"model": "booking.timeslot", "pk": 91, "fields": {"trainer": 1, "date": "2026-02-14", "time": "17:00:00", "duration_minutes": null, "capacity": 5, "active": true}}, {"model": "booking.timeslot", "pk": 92, "fields": {"trainer": 1, "date": "2026-02-14", "time": "18:00:00", "duration_minutes": null, "capacity": 5, "active": true}}, {"model": "booking.timeslot", "pk": 93, "fields": {"trainer": 2, "date": "2026-02-16", "time": "21:40:00", "duration_minutes": null, "capacity": 5, "active": true}}, {"model": "booking.timeslot", "pk": 94, "fields": {"trainer": 2, "date": "2026-02-16", "time": "21:38:40", "duration_minutes": null, "capacity": 1, "active": false}}, {"model": "booking.timeslot", "pk": 95, "fields": {"trainer": 2, "date": "2026-02-19", "time": "09:00:00", "duration_minutes": null, "capacity": 5, "active": true}}, {"model": "booking.timeslot", "pk": 96, "fields": {"trainer": 2, "date": "2026-02-19", "time": "10:00:00", "duration_minutes": null, "capacity": 5, "active": true}}, {"model": "booking.timeslot", "pk": 97, "fields": {"trainer": 2, "date": "2026-02-19", "time": "11:00:00", "duration_minutes": null, "capacity": 5, "active": true}}, {"model": "booking.timeslot", "pk": 98, "fields": {"trainer": 2, "date": "2026-02-19", "time": "12:00:00", "duration_minutes": null, "capacity": 5, "active": true}}, {"model": "booking.timeslot", "pk": 99, "fields": {"trainer": 2, "date": "2026-02-16", "time": "21:38:00", "duration_minutes": null, "capacity": 5, "active": true}}, {"model": "booking.timeslot", "pk": 100, "fields": {"trainer": 2, "date": "2026-02-20", "time": "08:00:00", "duration_minutes": null, "capacity": 5, "active": true}}, {"model": "booking.timeslot", "pk": 101, "fields": {"trainer": 2, "date": "2026-02-20", "time": "09:00:00", "duration_minutes": null, "capacity": 5, "active": true}}, {"model": "booking.timeslot", "pk": 102, "fields": {"trainer": 2, "date": "2026-02-20", "time": "10:00:00", "duration_minutes": null, "capacity": 5, "active": true}}, {"model": "booking.timeslot", "pk": 103, "fields": {"trainer": 2, "date": "2026-02-20", "time": "11:00:00", "duration_minutes": null, "capacity": 5, "active": true}}, {"model": "booking.timeslot", "pk": 104, "fields": {"trainer": 2, "date": "2026-02-20", "time": "12:00:00", "duration_minutes": null, "capacity": 5, "active": true}}, {"model": "booking.timeslot", "pk": 105, "fields": {"trainer": 2, "date": "2026-02-20", "time": "13:00:00", "duration_minutes": null, "capacity": 5, "active": true}}, {"model": "booking.timeslot", "pk": 106, "fields": {"trainer": 2, "date": "2026-02-20", "time": "14:00:00", "duration_minutes": null, "capacity": 5, "active": true}}, {"model": "booking.timeslot", "pk": 107, "fields": {"trainer": 2, "date": "2026-02-23", "time": "21:38:00", "duration_minutes": null, "capacity": 5, "active": true}}, {"model": "booking.timeslot", "pk": 108, "fields": {"trainer": 2, "date": "2026-02-26", "time": "09:00:00", "duration_minutes": null, "capacity": 5, "active": true}}, {"model": "booking.timeslot", "pk": 109, "fields": {"trainer": 2, "date": "2026-02-26", "time": "10:00:00", "duration_minutes": null, "capacity": 5, "active": true}}, {"model": "booking.timeslot", "pk": 110, "fields": {"trainer": 2, "date": "2026-02-26", "time": "11:00:00", "duration_minutes": null, "capacity": 5, "active": true}}, {"model": "booking.timeslot", "pk": 111, "fields": {"trainer": 2, "date": "2026-02-26", "time": "12:00:00", "duration_minutes": null, "capacity": 5, "active": true}}, {"model": "booking.timeslot", "pk": 112, "fields": {"trainer": 2, "date": "2026-02-27", "time": "08:00:00", "duration_minutes": null, "capacity": 5, "active": true}}, {"model": "booking.timeslot", "pk": 113, "fields": {"trainer": 2, "date": "2026-02-27", "time": "09:00:00", "duration_minutes": null, "capacity": 5, "active": true}}, {"model": "booking.timeslot", "pk": 114, "fields": {"trainer": 2, "date": "2026-02-27", "time": "10:00:00", "duration_minutes": null, "capacity": 5, "active": true}}, {"model": "booking.timeslot", "pk": 115, "fields": {"trainer": 2, "date": "2026-02-27", "time": "11:00:00", "duration_minutes": null, "capacity": 5, "active": true}}, {"model": "booking.timeslot", "pk": 116, "fields": {"trainer": 2, "date": "2026-02-27", "time": "12:00:00", "duration_minutes": null, "capacity": 5, "active": true}}, {"model": "booking.timeslot", "pk": 117, "fields": {"trainer": 2, "date": "2026-02-27", "time": "13:00:00", "duration_minutes": null, "capacity": 5, "active": true}}, {"model": "booking.timeslot", "pk": 118, "fields": {"trainer": 2, "date": "2026-02-27", "time": "14:00:00", "duration_minutes": null, "capacity": 5, "active": true}}, {"model": "booking.timeslot", "pk": 119, "fields": {"trainer": 2, "date": "2026-02-21", "time": "08:00:00", "duration_minutes": 60, "capacity": 5, "active": true}}, {"model": "booking.timeslot", "pk": 120, "fields": {"trainer": 2, "date": "2026-02-21", "time": "09:00:00", "duration_minutes": 60, "capacity": 5, "active": true}}, {"model": "booking.timeslot", "pk": 121, "fields": {"trainer": 2, "date": "2026-02-21", "time": "10:00:00", "duration_minutes": 60, "capacity": 5, "active": true}}, {"model": "booking.timeslot", "pk": 122, "fields": {"trainer": 2, "date": "2026-02-28", "time": "08:00:00", "duration_minutes": 60, "capacity": 5, "active": true}}, {"model": "booking.timeslot", "pk": 123, "fields": {"trainer": 2, "date": "2026-02-28", "time": "09:00:00", "duration_minutes": 60, "capacity": 5, "active": true}}, {"model": "booking.timeslot", "pk": 124, "fields": {"trainer": 2, "date": "2026-02-28", "time": "10:00:00", "duration_minutes": 60, "capacity": 5, "active": true}}, {"model": "booking.timeslot", "pk": 125, "fields": {"trainer": 2, "date": "2026-02-15", "time": "08:00:00", "duration_minutes": 60, "capacity": 5, "active": true}}, {"model": "booking.timeslot", "pk": 126, "fields": {"trainer": 2, "date": "2026-02-15", "time": "09:00:00", "duration_minutes": 60, "capacity": 5, "active": true}}, {"model": "booking.timeslot", "pk": 127, "fields": {"trainer": 2, "date": "2026-02-22", "time": "08:00:00", "duration_minutes": 60, "capacity": 5, "active": true}}, {"model": "booking.timeslot", "pk": 128, "fields": {"trainer": 2, "date": "2026-02-22", "time": "09:00:00", "duration_minutes": 60, "capacity": 5, "active": true}}, {"model": "booking.timeslot", "pk": 129, "fields": {"trainer": 3, "date": "2026-02-23", "time": "08:00:00", "duration_minutes": 60, "capacity": 5, "active": true}}, {"model": "booking.timeslot", "pk": 130, "fields": {"trainer": 3, "date": "2026-02-23", "time": "09:00:00", "duration_minutes": 60, "capacity": 5, "active": true}}, {"model": "booking.timeslot", "pk": 131, "fields": {"trainer": 3, "date": "2026-02-23", "time": "10:00:00", "duration_minutes": 60, "capacity": 5, "active": true}}, {"model": "booking.timeslot", "pk": 132, "fields": {"trainer": 3, "date": "2026-02-23", "time": "11:00:00", "duration_minutes": 60, "capacity": 5, "active": true}}, {"model": "booking.timeslot", "pk": 133, "fields": {"trainer": 3, "date": "2026-03-02", "time": "08:00:00", "duration_minutes": 60, "capacity": 5, "active": true}}, {"model": "booking.timeslot", "pk": 134, "fields": {"trainer": 3, "date": "2026-03-02", "time": "09:00:00", "duration_minutes": 60, "capacity": 5, "active": true}}, {"model": "booking.timeslot", "pk": 135, "fields": {"trainer": 3, "date": "2026-03-02", "time": "10:00:00", "duration_minutes": 60, "capacity": 5, "active": true}}, {"model": "booking.timeslot", "pk": 136, "fields": {"trainer": 3, "date": "2026-03-02", "time": "11:00:00", "duration_minutes": 60, "capacity": 5, "active": true}}, {"model": "booking.timeslot", "pk": 137, "fields": {"trainer": 2, "date": "2026-03-01", "time": "08:00:00", "duration_minutes": 60, "capacity": 5, "active": true}}, {"model": "booking.timeslot", "pk": 138, "fields": {"trainer": 2, "date": "2026-03-01", "time": "09:00:00", "duration_minutes": 60, "capacity": 5, "active": true}}, {"model": "booking.timeslot", "pk": 139, "fields": {"trainer": 2, "date": "2026-03-02", "time": "21:38:00", "duration_minutes": 60, "capacity": 5, "active": true}}, {"model": "booking.timeslot", "pk": 140, "fields": {"trainer": 2, "date": "2026-03-05", "time": "09:00:00", "duration_minutes": 60, "capacity": 5, "active": true}}, {"model": "booking.timeslot", "pk": 141, "fields": {"trainer": 2, "date": "2026-03-05", "time": "10:00:00", "duration_minutes": 60, "capacity": 5, "active": true}}, {"model": "booking.timeslot", "pk": 142, "fields": {"trainer": 2, "date": "2026-03-05", "time": "11:00:00", "duration_minutes": 60, "capacity": 5, "active": true}}, {"model": "booking.timeslot", "pk": 143, "fields": {"trainer": 2, "date": "2026-03-05", "time": "12:00:00", "duration_minutes": 60, "capacity": 5, "active": true}}, {"model": "booking.timeslot", "pk": 144, "fields": {"trainer": 2, "date": "2026-03-06", "time": "08:00:00", "duration_minutes": 60, "capacity": 5, "active": true}}, {"model": "booking.timeslot", "pk": 145, "fields": {"trainer": 2, "date": "2026-03-06", "time": "09:00:00", "duration_minutes": 60, "capacity": 5, "active": true}}, {"model": "booking.timeslot", "pk": 146, "fields": {"trainer": 2, "date": "2026-03-06", "time": "10:00:00", "duration_minutes": 60, "capacity": 5, "active": true}}, {"model": "booking.timeslot", "pk": 147, "fields": {"trainer": 2, "date": "2026-03-06", "time": "11:00:00", "duration_minutes": 60, "capacity": 5, "active": true}}, {"model": "booking.timeslot", "pk": 148, "fields": {"trainer": 2, "date": "2026-03-06", "time": "12:00:00", "duration_minutes": 60, "capacity": 5, "active": true}}, {"model": "booking.timeslot", "pk": 149, "fields": {"trainer": 2, "date": "2026-03-06", "time": "13:00:00", "duration_minutes": 60, "capacity": 5, "active": true}}, {"model": "booking.timeslot", "pk": 150, "fields": {"trainer": 2, "date": "2026-03-06", "time": "14:00:00", "duration_minutes": 60, "capacity": 5, "active": true}}, {"model": "booking.timeslot", "pk": 151, "fields": {"trainer": 2, "date": "2026-03-07", "time": "08:00:00", "duration_minutes": 60, "capacity": 5, "active": true}}, {"model": "booking.timeslot", "pk": 152, "fields": {"trainer": 2, "date": "2026-03-07", "time": "09:00:00", "duration_minutes": 60, "capacity": 5, "active": true}}, {"model": "booking.timeslot", "pk": 153, "fields": {"trainer": 2, "date": "2026-03-07", "time": "10:00:00", "duration_minutes": 60, "capacity": 5, "active": true}}, {"model": "booking.timeslot", "pk": 154, "fields": {"trainer": 2, "date": "2026-02-26", "time": "17:00:00", "duration_minutes": 60, "capacity": 5, "active": true}}, {"model": "booking.timeslot", "pk": 155, "fields": {"trainer": 2, "date": "2026-02-26", "time": "18:00:00", "duration_minutes": 60, "capacity": 5, "active": true}}, {"model": "booking.timeslot", "pk": 156, "fields": {"trainer": 2, "date": "2026-02-26", "time": "19:00:00", "duration_minutes": 60, "capacity": 5, "active": true}}, {"model": "booking.timeslot", "pk": 157, "fields": {"trainer": 2, "date": "2026-02-26", "time": "20:00:00", "duration_minutes": 60, "capacity": 5, "active": true}}, {"model": "booking.timeslot", "pk": 158, "fields": {"trainer": 2, "date": "2026-02-26", "time": "21:00:00", "duration_minutes": 60, "capacity": 5, "active": true}}, {"model": "booking.timeslot", "pk": 159, "fields": {"trainer": 2, "date": "2026-03-05", "time": "17:00:00", "duration_minutes": 60, "capacity": 5, "active": true}}, {"model": "booking.timeslot", "pk": 160, "fields": {"trainer": 2, "date": "2026-03-05", "time": "18:00:00", "duration_minutes": 60, "capacity": 5, "active": true}}, {"model": "booking.timeslot", "pk": 161, "fields": {"trainer": 2, "date": "2026-03-05", "time": "19:00:00", "duration_minutes": 60, "capacity": 5, "active": true}}, {"model": "booking.timeslot", "pk": 162, "fields": {"trainer": 2, "date": "2026-03-05", "time": "20:00:00", "duration_minutes": 60, "capacity": 5, "active": true}}, {"model": "booking.timeslot", "pk": 163, "fields": {"trainer": 2, "date": "2026-03-05", "time": "21:00:00", "duration_minutes": 60, "capacity": 5, "active": true}}, {"model": "booking.timeslot", "pk": 164, "fields": {"trainer": 2, "date": "2026-02-22", "time": "17:00:00", "duration_minutes": 60, "capacity": 5, "active": true}}, {"model": "booking.timeslot", "pk": 165, "fields": {"trainer": 2, "date": "2026-02-22", "time": "18:00:00", "duration_minutes": 60, "capacity": 5, "active": true}}, {"model": "booking.timeslot", "pk": 166, "fields": {"trainer": 2, "date": "2026-02-22", "time": "19:00:00", "duration_minutes": 60, "capacity": 5, "active": true}}, {"model": "booking.timeslot", "pk": 167, "fields": {"trainer": 2, "date": "2026-02-22", "time": "20:00:00", "duration_minutes": 60, "capacity": 5, "active": true}}, {"model": "booking.timeslot", "pk": 168, "fields": {"trainer": 2, "date": "2026-03-01", "time": "17:00:00", "duration_minutes": 60, "capacity": 5, "active": true}}, {"model": "booking.timeslot", "pk": 169, "fields": {"trainer": 2, "date": "2026-03-01", "time": "18:00:00", "duration_minutes": 60, "capacity": 5, "active": true}}, {"model": "booking.timeslot", "pk": 170, "fields": {"trainer": 2, "date": "2026-03-01", "time": "19:00:00", "duration_minutes": 60, "capacity": 5, "active": true}}, {"model": "booking.timeslot", "pk": 171, "fields": {"trainer": 2, "date": "2026-03-01", "time": "20:00:00", "duration_minutes": 60, "capacity": 5, "active": true}}, {"model": "booking.client", "pk": 1, "fields": {"trainer": 1, "user": 2, "name": "JUan", "email": "rosarioalicealuis@gmail.com", "phone": "7872397182", "trainer_notes": ""}}, {"model": "booking.client", "pk": 2, "fields": {"trainer": 1, "user": null, "name": "Juan", "email": "luillo_rosario_17@outlook.es", "phone": "7872397182", "trainer_notes": ""}}, {"model": "booking.client", "pk": 3, "fields": {"trainer": 1, "user": null, "name": "Carolina", "email": "riverareyescarolina@gmail.com", "phone": "", "trainer_notes": ""}}, {"model": "booking.client", "pk": 4, "fields": {"trainer": 2, "user": 2, "name": "Luis", "email": "rosarioalicealuis@gmail.com", "phone": "7872397182", "trainer_notes": ""}}, {"model": "booking.client", "pk": 5, "fields": {"trainer": 2, "user": null, "name": "luis", "email": "luillo_rosario_17@outlook.es", "phone": "7872397182", "trainer_notes": ""}}, {"model": "booking.client", "pk": 6, "fields": {"trainer": 2, "user": null, "name": "luis", "email": "luis_rosario@jabil.com", "phone": "", "trainer_notes": ""}}, {"model": "booking.client", "pk": 7, "fields": {"trainer": 2, "user": null, "name": "miguel", "email": "mnegron0526@gmail.com", "phone": "", "trainer_notes": ""}}, {"model": "booking.clientprofile", "pk": 2, "fields": {"user": 2, "full_name": "Luis", "phone": "", "active": true, "created_at": "2026-02-23T21:25:54.105Z"}}, {"model": "booking.usertwofactorauth", "pk": 1, "fields": {"user": 2, "is_enabled": false, "totp_secret": "WELO4BSMYXBC2IE4YYTUJDQZBDGDSFNJ", "backup_codes": [], "last_verified_at": null, "created_at": "2026-02-26T04:10:57.382Z", "updated_at": "2026-02-26T04:10:57.384Z"}}, {"model": "booking.clientdependent", "pk": 1, "fields": {"profile": 2, "full_name": "Carolina", "relationship": "Pareja", "active": true, "created_at": "2026-02-26T01:49:32.770Z"}}, {"model": "booking.checkout", "pk": "02ccac24-4747-4e67-8710-0382b0b10b21", "fields": {"trainer": 1, "client": 1, "payment_method": "STRIPE", "status": "PENDING", "currency": "USD", "total_amount": "10.00", "applied_discount_code": "", "applied_discount_percent": 0, "discount_amount": "0.00", "platform_fee_percent_applied": "0.00", "platform_fee_amount": "0.00", "trainer_net_amount": "0.00", "stripe_session_id": "cs_test_a1l22oJAn9MB8oaJlGLSn9njVgLUls9XwobjQvQrQrqVIuzcgpTdQJtFMZ", "stripe_payment_intent_id": "", "created_at": "2026-02-09T03:48:20.412Z", "confirmed_at": null, "confirmation_email_sent_at": null}}, {"model": "booking.checkout", "pk": "1884486a-e998-4a19-a2e4-b184ea432f94", "fields": {"trainer": 2, "client": 5, "payment_method": "STRIPE", "status": "PENDING", "currency": "USD", "total_amount": "180.00", "applied_discount_code": "", "applied_discount_percent": 0, "discount_amount": "0.00", "platform_fee_percent_applied": "0.00", "platform_fee_amount": "0.00", "trainer_net_amount": "0.00", "stripe_session_id": "cs_test_a1qcHlY3TAboXpLTgoup2UzLUOf1hD7ucH7BrLmSaF77z7f05QNx3j8278", "stripe_payment_intent_id": "", "created_at": "2026-02-16T05:09:28.633Z", "confirmed_at": null, "confirmation_email_sent_at": null}}, {"model": "booking.checkout", "pk": "1b8d4206-999f-43f9-81ee-e0ba5efe016a", "fields": {"trainer": 2, "client": 4, "payment_method": "ATH", "status": "CONFIRMED", "currency": "USD", "total_amount": "45.00", "applied_discount_code": "", "applied_discount_percent": 0, "discount_amount": "0.00", "platform_fee_percent_applied": "10.00", "platform_fee_amount": "4.50", "trainer_net_amount": "40.50", "stripe_session_id": "", "stripe_payment_intent_id": "", "created_at": "2026-03-01T15:28:14.296Z", "confirmed_at": "2026-03-01T15:30:34.730Z", "confirmation_email_sent_at": "2026-03-01T15:30:35.912Z"}}, {"model": "booking.checkout", "pk": "2af49a3d-486a-456b-b3ba-c8549e04b485", "fields": {"trainer": 2, "client": 4, "payment_method": "STRIPE", "status": "CONFIRMED", "currency": "USD", "total_amount": "270.00", "applied_discount_code": "", "applied_discount_percent": 0, "discount_amount": "0.00", "platform_fee_percent_applied": "10.00", "platform_fee_amount": "27.00", "trainer_net_amount": "243.00", "stripe_session_id": "cs_test_a18nKH8iWJp9ph7qMhFZv5XimnTQxqOvH8pcxcugTDU04ovJFBOU5g6TSM", "stripe_payment_intent_id": "pi_3T4tlbRsL2IufgyV0eBT04hq", "created_at": "2026-02-26T01:52:45.847Z", "confirmed_at": "2026-02-26T01:53:30.316Z", "confirmation_email_sent_at": "2026-02-26T01:53:32.143Z"}}, {"model": "booking.checkout", "pk": "33bd8a69-1bfc-4cd1-9a3c-34ffe7cdb8b7", "fields": {"trainer": 1, "client": 3, "payment_method": "STRIPE", "status": "PENDING", "currency": "USD", "total_amount": "30.00", "applied_discount_code": "", "applied_discount_percent": 0, "discount_amount": "0.00", "platform_fee_percent_applied": "0.00", "platform_fee_amount": "0.00", "trainer_net_amount": "0.00", "stripe_session_id": "cs_test_a1bFAQI3AtvOtn5T7ipCRhAuv4UFFRc1jgfEwsjo0fJi0zFjcJY5pjfTES", "stripe_payment_intent_id": "", "created_at": "2026-02-09T00:55:36.397Z", "confirmed_at": null, "confirmation_email_sent_at": null}}, {"model": "booking.checkout", "pk": "3c9d275f-154c-4165-a9dc-0729810cb66b", "fields": {"trainer": 2, "client": 6, "payment_method": "STRIPE", "status": "CONFIRMED", "currency": "USD", "total_amount": "135.00", "applied_discount_code": "", "applied_discount_percent": 0, "discount_amount": "0.00", "platform_fee_percent_applied": "0.00", "platform_fee_amount": "0.00", "trainer_net_amount": "0.00", "stripe_session_id": "cs_test_a1XCPblR28tChHhovCpYZMll9cmYNS4rUnukUs21wnRDjVspnQolcJpT9p", "stripe_payment_intent_id": "pi_3T1vsKRsL2IufgyV1imHD59n", "created_at": "2026-02-17T21:31:40.982Z", "confirmed_at": "2026-02-17T21:32:11.289Z", "confirmation_email_sent_at": null}}, {"model": "booking.checkout", "pk": "3d3fcfe0-93de-4609-84a8-1787a5802d05", "fields": {"trainer": 1, "client": 1, "payment_method": "STRIPE", "status": "PENDING", "currency": "USD", "total_amount": "10.00", "applied_discount_code": "", "applied_discount_percent": 0, "discount_amount": "0.00", "platform_fee_percent_applied": "0.00", "platform_fee_amount": "0.00", "trainer_net_amount": "0.00", "stripe_session_id": "cs_test_a1JxOZnLLgfNPHFHnsDQjfvkDQAPwxvK9rDyal9uqSJdEFTwDMLe9RXRJz", "stripe_payment_intent_id": "", "created_at": "2026-02-09T00:46:49.265Z", "confirmed_at": null, "confirmation_email_sent_at": null}}, {"model": "booking.checkout", "pk": "3f4f6e04-2129-41af-989b-c0b9764f624d", "fields": {"trainer": 2, "client": 7, "payment_method": "STRIPE", "status": "CONFIRMED", "currency": "USD", "total_amount": "90.00", "applied_discount_code": "", "applied_discount_percent": 0, "discount_amount": "0.00", "platform_fee_percent_applied": "0.00", "platform_fee_amount": "0.00", "trainer_net_amount": "0.00", "stripe_session_id": "cs_test_a1aj8b8h2fq7NXrTtA8i22zcyvYuPrMSA8kSQuxFixGGZRwJKh7irPrq5P", "stripe_payment_intent_id": "pi_3T46KARsL2IufgyV1r8ZfIWP", "created_at": "2026-02-23T21:04:43.235Z", "confirmed_at": "2026-02-23T21:06:06.774Z", "confirmation_email_sent_at": null}}, {"model": "booking.checkout", "pk": "49d72a4c-8b66-40db-a338-8b3efe7c3161", "fields": {"trainer": 1, "client": 1, "payment_method": "STRIPE", "status": "PENDING", "currency": "USD", "total_amount": "10.00", "applied_discount_code": "", "applied_discount_percent": 0, "discount_amount": "0.00", "platform_fee_percent_applied": "0.00", "platform_fee_amount": "0.00", "trainer_net_amount": "0.00", "stripe_session_id": "cs_test_a16AcNphzLPKm919BDaZsFr4F7XOD3Oo1KDAf5zw0FnfhOviJurTzxFoDO", "stripe_payment_intent_id": "", "created_at": "2026-02-09T03:30:35.346Z", "confirmed_at": null, "confirmation_email_sent_at": null}}, {"model": "booking.checkout", "pk": "60bf2a10-d5e3-4d1a-a047-7de06ae54cf5", "fields": {"trainer": 2, "client": 4, "payment_method": "STRIPE", "status": "PENDING", "currency": "USD", "total_amount": "45.00", "applied_discount_code": "", "applied_discount_percent": 0, "discount_amount": "0.00", "platform_fee_percent_applied": "10.00", "platform_fee_amount": "4.50", "trainer_net_amount": "40.50", "stripe_session_id": "cs_test_a1KlJWvtXtRaSfcFjdqZMDehNX0z4puuKOCfpXyJCVS157gfRoGrfmxfOk", "stripe_payment_intent_id": "", "created_at": "2026-03-01T22:09:21.526Z", "confirmed_at": null, "confirmation_email_sent_at": null}}, {"model": "booking.checkout", "pk": "68154bc6-4409-4ec6-b404-857e1b0a08e4", "fields": {"trainer": 2, "client": 4, "payment_method": "STRIPE", "status": "CONFIRMED", "currency": "USD", "total_amount": "135.00", "applied_discount_code": "", "applied_discount_percent": 0, "discount_amount": "0.00", "platform_fee_percent_applied": "10.00", "platform_fee_amount": "13.50", "trainer_net_amount": "121.50", "stripe_session_id": "cs_test_a1OU78F8o5bdJfFNPeGQEngttyyFavo0CUfJiDGHXRlQXyML14bez6qbDO", "stripe_payment_intent_id": "pi_3T60rcRsL2IufgyV1Atd3PEn", "created_at": "2026-03-01T03:39:49.610Z", "confirmed_at": "2026-03-01T03:40:19.596Z", "confirmation_email_sent_at": "2026-03-01T03:40:20.954Z"}}, {"model": "booking.checkout", "pk": "6d4cc35e-b754-42b6-b78f-c5335d2fb94f", "fields": {"trainer": 2, "client": 5, "payment_method": "STRIPE", "status": "CANCELLED", "currency": "USD", "total_amount": "90.00", "applied_discount_code": "", "applied_discount_percent": 0, "discount_amount": "0.00", "platform_fee_percent_applied": "0.00", "platform_fee_amount": "0.00", "trainer_net_amount": "0.00", "stripe_session_id": "", "stripe_payment_intent_id": "", "created_at": "2026-02-16T01:57:37.111Z", "confirmed_at": null, "confirmation_email_sent_at": null}}, {"model": "booking.checkout", "pk": "798934ce-8c64-458f-bfe1-ff2ac9e7723b", "fields": {"trainer": 2, "client": 5, "payment_method": "STRIPE", "status": "CONFIRMED", "currency": "USD", "total_amount": "135.00", "applied_discount_code": "", "applied_discount_percent": 0, "discount_amount": "0.00", "platform_fee_percent_applied": "0.00", "platform_fee_amount": "0.00", "trainer_net_amount": "0.00", "stripe_session_id": "cs_test_a15I3I1OaKgwq3E16pAvHuFQvnOCLy0TC5j2edUfE7ZSMTO1btfYIpMvsj", "stripe_payment_intent_id": "pi_3T3pNURsL2IufgyV0S095pf7", "created_at": "2026-02-23T02:59:41.622Z", "confirmed_at": "2026-02-23T03:00:11.199Z", "confirmation_email_sent_at": null}}, {"model": "booking.checkout", "pk": "806ce38e-00cc-46d6-ab75-c9b5d820b55a", "fields": {"trainer": 2, "client": 4, "payment_method": "STRIPE", "status": "CANCELLED", "currency": "USD", "total_amount": "45.00", "applied_discount_code": "", "applied_discount_percent": 0, "discount_amount": "0.00", "platform_fee_percent_applied": "10.00", "platform_fee_amount": "4.50", "trainer_net_amount": "40.50", "stripe_session_id": "cs_test_a1NkKpIkbu4wezTPhOmyAWxmUnmWgVVYFIh21GQaRYz5deG6T2r1yN2REe", "stripe_payment_intent_id": "pi_3T4tqMRsL2IufgyV1QUMP3eV", "created_at": "2026-02-26T01:57:57.824Z", "confirmed_at": null, "confirmation_email_sent_at": "2026-02-26T01:58:26.139Z"}}, {"model": "booking.checkout", "pk": "817be248-6f03-470f-a6fb-b58eadc3e2a0", "fields": {"trainer": 2, "client": 4, "payment_method": "STRIPE", "status": "CONFIRMED", "currency": "USD", "total_amount": "135.00", "applied_discount_code": "", "applied_discount_percent": 0, "discount_amount": "0.00", "platform_fee_percent_applied": "50.00", "platform_fee_amount": "67.50", "trainer_net_amount": "67.50", "stripe_session_id": "cs_test_a1FW9elp2QK67hbcdsJNqmGc9htVIpRCCNSqsLprgSSujKGKyGPfuK7ZHD", "stripe_payment_intent_id": "pi_3T48GnRsL2IufgyV1D1fzXbs", "created_at": "2026-02-23T23:10:07.259Z", "confirmed_at": "2026-02-23T23:10:32.220Z", "confirmation_email_sent_at": "2026-02-23T23:10:34.097Z"}}, {"model": "booking.checkout", "pk": "90c88fa5-fbee-4fd5-8f10-f09691ccda7a", "fields": {"trainer": 2, "client": 5, "payment_method": "STRIPE", "status": "CANCELLED", "currency": "USD", "total_amount": "135.00", "applied_discount_code": "", "applied_discount_percent": 0, "discount_amount": "0.00", "platform_fee_percent_applied": "0.00", "platform_fee_amount": "0.00", "trainer_net_amount": "0.00", "stripe_session_id": "", "stripe_payment_intent_id": "", "created_at": "2026-02-16T03:37:25.028Z", "confirmed_at": null, "confirmation_email_sent_at": null}}, {"model": "booking.checkout", "pk": "982badef-452e-4e4d-a9d4-3ad509397619", "fields": {"trainer": 2, "client": 5, "payment_method": "STRIPE", "status": "CANCELLED", "currency": "USD", "total_amount": "135.00", "applied_discount_code": "", "applied_discount_percent": 0, "discount_amount": "0.00", "platform_fee_percent_applied": "0.00", "platform_fee_amount": "0.00", "trainer_net_amount": "0.00", "stripe_session_id": "", "stripe_payment_intent_id": "", "created_at": "2026-02-16T05:02:30.152Z", "confirmed_at": null, "confirmation_email_sent_at": null}}, {"model": "booking.checkout", "pk": "a88ed75e-35c1-4d67-9c94-15af47fb61dd", "fields": {"trainer": 1, "client": 1, "payment_method": "STRIPE", "status": "PENDING", "currency": "USD", "total_amount": "30.00", "applied_discount_code": "", "applied_discount_percent": 0, "discount_amount": "0.00", "platform_fee_percent_applied": "0.00", "platform_fee_amount": "0.00", "trainer_net_amount": "0.00", "stripe_session_id": "cs_test_a1MdytTGxo8cVIFp7JcsiYPVmC2MB6eonVfxU5vHUDeRd219kb2ZmxMWqP", "stripe_payment_intent_id": "", "created_at": "2026-02-09T03:36:08.282Z", "confirmed_at": null, "confirmation_email_sent_at": null}}, {"model": "booking.checkout", "pk": "ac4c7b83-2e96-4998-940a-528544df3ce3", "fields": {"trainer": 2, "client": 7, "payment_method": "STRIPE", "status": "CANCELLED", "currency": "USD", "total_amount": "90.00", "applied_discount_code": "", "applied_discount_percent": 0, "discount_amount": "0.00", "platform_fee_percent_applied": "0.00", "platform_fee_amount": "0.00", "trainer_net_amount": "0.00", "stripe_session_id": "", "stripe_payment_intent_id": "", "created_at": "2026-02-23T21:03:54.757Z", "confirmed_at": null, "confirmation_email_sent_at": null}}, {"model": "booking.checkout", "pk": "b2cd9b74-8c37-467b-9f88-fb45749483cf", "fields": {"trainer": 2, "client": 4, "payment_method": "STRIPE", "status": "CONFIRMED", "currency": "USD", "total_amount": "45.00", "applied_discount_code": "", "applied_discount_percent": 0, "discount_amount": "0.00", "platform_fee_percent_applied": "10.00", "platform_fee_amount": "4.50", "trainer_net_amount": "40.50", "stripe_session_id": "cs_test_a19ksLRMPYFwQ9q0SibBNRHiLb98P176EayXmozz2lhoM3MBhrKZIQMJP0", "stripe_payment_intent_id": "pi_3T4tsKRsL2IufgyV1FSR2GEk", "created_at": "2026-02-26T02:00:01.416Z", "confirmed_at": "2026-02-26T02:00:27.429Z", "confirmation_email_sent_at": "2026-02-26T02:00:29.595Z"}}, {"model": "booking.checkout", "pk": "ca677366-0fb0-4044-8515-10acfa6ae838", "fields": {"trainer": 2, "client": 4, "payment_method": "STRIPE", "status": "PENDING", "currency": "USD", "total_amount": "30.00", "applied_discount_code": "", "applied_discount_percent": 0, "discount_amount": "0.00", "platform_fee_percent_applied": "0.00", "platform_fee_amount": "0.00", "trainer_net_amount": "0.00", "stripe_session_id": "cs_test_a1yHmLK6xA9mXMWEMV8qOk2Llrpuu0kLO4N39X539IjSLIqDqc4FOEW0Nx", "stripe_payment_intent_id": "", "created_at": "2026-02-14T01:40:29.477Z", "confirmed_at": null, "confirmation_email_sent_at": null}}, {"model": "booking.checkout", "pk": "cc4db84c-b791-437f-abbf-01b83c91d1bc", "fields": {"trainer": 2, "client": 6, "payment_method": "STRIPE", "status": "PENDING", "currency": "USD", "total_amount": "135.00", "applied_discount_code": "", "applied_discount_percent": 0, "discount_amount": "0.00", "platform_fee_percent_applied": "0.00", "platform_fee_amount": "0.00", "trainer_net_amount": "0.00", "stripe_session_id": "cs_test_a1r3VW71n5zsjePGPXjE1JZUGDdY53dDHiHlrmLpr2b5FUFAM92gI3dXeP", "stripe_payment_intent_id": "", "created_at": "2026-02-17T00:46:25.068Z", "confirmed_at": null, "confirmation_email_sent_at": null}}, {"model": "booking.checkout", "pk": "d575abd8-fb62-41b4-8536-37623c3605f2", "fields": {"trainer": 2, "client": 4, "payment_method": "ATH", "status": "CONFIRMED", "currency": "USD", "total_amount": "45.00", "applied_discount_code": "", "applied_discount_percent": 0, "discount_amount": "0.00", "platform_fee_percent_applied": "10.00", "platform_fee_amount": "4.50", "trainer_net_amount": "40.50", "stripe_session_id": "", "stripe_payment_intent_id": "", "created_at": "2026-03-01T22:09:37.366Z", "confirmed_at": "2026-03-01T22:10:25.816Z", "confirmation_email_sent_at": "2026-03-01T22:10:27.847Z"}}, {"model": "booking.checkout", "pk": "d5e44cc0-64e3-4e79-b44a-0d5f80069f42", "fields": {"trainer": 1, "client": 1, "payment_method": "STRIPE", "status": "PENDING", "currency": "USD", "total_amount": "40.00", "applied_discount_code": "", "applied_discount_percent": 0, "discount_amount": "0.00", "platform_fee_percent_applied": "0.00", "platform_fee_amount": "0.00", "trainer_net_amount": "0.00", "stripe_session_id": "cs_test_a1pp8p0nBtQNY9ICWg4HHIuF19iJ34PpidqN4Jt02vcCBFoAjOfEjU8dQQ", "stripe_payment_intent_id": "", "created_at": "2026-02-09T00:48:01.528Z", "confirmed_at": null, "confirmation_email_sent_at": null}}, {"model": "booking.checkout", "pk": "e860485a-fbf2-46ab-b882-5db32d8562d4", "fields": {"trainer": 2, "client": 4, "payment_method": "STRIPE", "status": "CONFIRMED", "currency": "USD", "total_amount": "90.00", "applied_discount_code": "", "applied_discount_percent": 0, "discount_amount": "0.00", "platform_fee_percent_applied": "10.00", "platform_fee_amount": "9.00", "trainer_net_amount": "81.00", "stripe_session_id": "cs_test_a1PZ6CmcFrHWkBe2F9C8jCw74Pf7GkcdbTTbEHkWBrmhn7XNvS6TGmSRG0", "stripe_payment_intent_id": "pi_3T6BuIRsL2IufgyV07KyHnR4", "created_at": "2026-03-01T15:27:24.816Z", "confirmed_at": "2026-03-01T15:27:49.626Z", "confirmation_email_sent_at": "2026-03-01T15:27:51.135Z"}}, {"model": "booking.checkout", "pk": "e877f0eb-b7ef-41df-b867-1643bf5b8a74", "fields": {"trainer": 2, "client": 4, "payment_method": "STRIPE", "status": "CONFIRMED", "currency": "USD", "total_amount": "90.00", "applied_discount_code": "", "applied_discount_percent": 0, "discount_amount": "0.00", "platform_fee_percent_applied": "0.00", "platform_fee_amount": "0.00", "trainer_net_amount": "0.00", "stripe_session_id": "cs_test_a1FaAVUfkEu8evTHFXFt3X6xqMWyXeCZieVStRvSCFjNgyKaW6EEA2pa9B", "stripe_payment_intent_id": "pi_3T3qN3RsL2IufgyV1qVHFn0n", "created_at": "2026-02-23T04:03:20.441Z", "confirmed_at": "2026-02-23T04:03:48.005Z", "confirmation_email_sent_at": null}}, {"model": "booking.checkout", "pk": "ef1b84ee-bc4c-4a7a-a94c-9f53a07d75a3", "fields": {"trainer": 2, "client": 4, "payment_method": "STRIPE", "status": "CONFIRMED", "currency": "USD", "total_amount": "45.00", "applied_discount_code": "", "applied_discount_percent": 0, "discount_amount": "0.00", "platform_fee_percent_applied": "0.00", "platform_fee_amount": "0.00", "trainer_net_amount": "0.00", "stripe_session_id": "cs_test_a1Wls1drnVaWzkr3LuKc0arrLWXX6qWIZ6551qWYZEO7NnwU7XeRqGvIGo", "stripe_payment_intent_id": "pi_3T47v6RsL2IufgyV1k8mVM25", "created_at": "2026-02-23T22:47:40.224Z", "confirmed_at": "2026-02-23T22:48:07.472Z", "confirmation_email_sent_at": "2026-02-23T22:48:08.990Z"}}, {"model": "booking.reservation", "pk": 1, "fields": {"trainer": 1, "client": 1, "timeslot": 31, "checkout": null, "payment_method": "STRIPE", "reference_code": "T1-4RY4MM", "attendee_type": "SELF", "attendee_name": "", "attendee_key": "self", "dependent": null, "amount_due": "10.00", "paid": false, "payment_date": null, "created_at": "2025-12-02T01:22:06.836Z"}}, {"model": "booking.reservation", "pk": 2, "fields": {"trainer": 1, "client": 1, "timeslot": 32, "checkout": null, "payment_method": "STRIPE", "reference_code": "T1-HN8REN", "attendee_type": "SELF", "attendee_name": "", "attendee_key": "self", "dependent": null, "amount_due": "10.00", "paid": false, "payment_date": null, "created_at": "2025-12-02T01:22:06.837Z"}}, {"model": "booking.reservation", "pk": 5, "fields": {"trainer": 1, "client": 1, "timeslot": 25, "checkout": null, "payment_method": "STRIPE", "reference_code": "T1-CHUAGK", "attendee_type": "SELF", "attendee_name": "", "attendee_key": "self", "dependent": null, "amount_due": "10.00", "paid": false, "payment_date": null, "created_at": "2025-12-02T01:30:50.674Z"}}, {"model": "booking.reservation", "pk": 6, "fields": {"trainer": 1, "client": 1, "timeslot": 29, "checkout": null, "payment_method": "STRIPE", "reference_code": "T1-01MZYE", "attendee_type": "SELF", "attendee_name": "", "attendee_key": "self", "dependent": null, "amount_due": "10.00", "paid": false, "payment_date": null, "created_at": "2025-12-02T01:30:50.675Z"}}, {"model": "booking.reservation", "pk": 7, "fields": {"trainer": 1, "client": 1, "timeslot": 46, "checkout": null, "payment_method": "STRIPE", "reference_code": "T1-ETZMJO", "attendee_type": "SELF", "attendee_name": "", "attendee_key": "self", "dependent": null, "amount_due": "10.00", "paid": false, "payment_date": null, "created_at": "2025-12-02T01:30:50.676Z"}}, {"model": "booking.reservation", "pk": 8, "fields": {"trainer": 1, "client": 1, "timeslot": 43, "checkout": null, "payment_method": "STRIPE", "reference_code": "T1-EYR2LM", "attendee_type": "SELF", "attendee_name": "", "attendee_key": "self", "dependent": null, "amount_due": "10.00", "paid": false, "payment_date": null, "created_at": "2025-12-07T04:40:04.996Z"}}, {"model": "booking.reservation", "pk": 9, "fields": {"trainer": 1, "client": 1, "timeslot": 50, "checkout": null, "payment_method": "STRIPE", "reference_code": "T1-KSHUNQ", "attendee_type": "SELF", "attendee_name": "", "attendee_key": "self", "dependent": null, "amount_due": "10.00", "paid": false, "payment_date": null, "created_at": "2026-02-08T19:21:51.153Z"}}, {"model": "booking.reservation", "pk": 10, "fields": {"trainer": 1, "client": 1, "timeslot": 52, "checkout": null, "payment_method": "STRIPE", "reference_code": "T1-D4MTTU", "attendee_type": "SELF", "attendee_name": "", "attendee_key": "self", "dependent": null, "amount_due": "10.00", "paid": false, "payment_date": null, "created_at": "2026-02-08T19:21:51.158Z"}}, {"model": "booking.reservation", "pk": 11, "fields": {"trainer": 1, "client": 2, "timeslot": 63, "checkout": null, "payment_method": "STRIPE", "reference_code": "T1-TOE40C", "attendee_type": "SELF", "attendee_name": "", "attendee_key": "self", "dependent": null, "amount_due": "10.00", "paid": false, "payment_date": null, "created_at": "2026-02-08T19:33:26.091Z"}}, {"model": "booking.reservation", "pk": 12, "fields": {"trainer": 1, "client": 2, "timeslot": 87, "checkout": null, "payment_method": "STRIPE", "reference_code": "T1-6B8XJG", "attendee_type": "SELF", "attendee_name": "", "attendee_key": "self", "dependent": null, "amount_due": "10.00", "paid": false, "payment_date": null, "created_at": "2026-02-08T19:33:26.093Z"}}, {"model": "booking.reservation", "pk": 13, "fields": {"trainer": 1, "client": 1, "timeslot": 53, "checkout": null, "payment_method": "STRIPE", "reference_code": "T1-6SPC2P", "attendee_type": "SELF", "attendee_name": "", "attendee_key": "self", "dependent": null, "amount_due": "10.00", "paid": false, "payment_date": null, "created_at": "2026-02-08T21:28:23.267Z"}}, {"model": "booking.reservation", "pk": 14, "fields": {"trainer": 1, "client": 1, "timeslot": 89, "checkout": null, "payment_method": "ATH", "reference_code": "T1-AVTQUH", "attendee_type": "SELF", "attendee_name": "", "attendee_key": "self", "dependent": null, "amount_due": "10.00", "paid": false, "payment_date": null, "created_at": "2026-02-08T21:28:59.012Z"}}, {"model": "booking.reservation", "pk": 15, "fields": {"trainer": 1, "client": 1, "timeslot": 88, "checkout": null, "payment_method": "STRIPE", "reference_code": "T1-41M8AI", "attendee_type": "SELF", "attendee_name": "", "attendee_key": "self", "dependent": null, "amount_due": "10.00", "paid": false, "payment_date": null, "created_at": "2026-02-09T00:08:18.138Z"}}, {"model": "booking.reservation", "pk": 16, "fields": {"trainer": 1, "client": 1, "timeslot": 92, "checkout": "3d3fcfe0-93de-4609-84a8-1787a5802d05", "payment_method": "STRIPE", "reference_code": "T1-NIK4GY", "attendee_type": "SELF", "attendee_name": "", "attendee_key": "self", "dependent": null, "amount_due": "10.00", "paid": false, "payment_date": null, "created_at": "2026-02-09T00:46:49.269Z"}}, {"model": "booking.reservation", "pk": 17, "fields": {"trainer": 1, "client": 1, "timeslot": 51, "checkout": "d5e44cc0-64e3-4e79-b44a-0d5f80069f42", "payment_method": "STRIPE", "reference_code": "T1-1K7AZ6", "attendee_type": "SELF", "attendee_name": "", "attendee_key": "self", "dependent": null, "amount_due": "10.00", "paid": false, "payment_date": null, "created_at": "2026-02-09T00:48:01.532Z"}}, {"model": "booking.reservation", "pk": 18, "fields": {"trainer": 1, "client": 1, "timeslot": 64, "checkout": "d5e44cc0-64e3-4e79-b44a-0d5f80069f42", "payment_method": "STRIPE", "reference_code": "T1-KZA4YY", "attendee_type": "SELF", "attendee_name": "", "attendee_key": "self", "dependent": null, "amount_due": "10.00", "paid": false, "payment_date": null, "created_at": "2026-02-09T00:48:01.535Z"}}, {"model": "booking.reservation", "pk": 19, "fields": {"trainer": 1, "client": 1, "timeslot": 68, "checkout": "d5e44cc0-64e3-4e79-b44a-0d5f80069f42", "payment_method": "STRIPE", "reference_code": "T1-8HI5HY", "attendee_type": "SELF", "attendee_name": "", "attendee_key": "self", "dependent": null, "amount_due": "10.00", "paid": false, "payment_date": null, "created_at": "2026-02-09T00:48:01.537Z"}}, {"model": "booking.reservation", "pk": 20, "fields": {"trainer": 1, "client": 1, "timeslot": 91, "checkout": "d5e44cc0-64e3-4e79-b44a-0d5f80069f42", "payment_method": "STRIPE", "reference_code": "T1-G6STJI", "attendee_type": "SELF", "attendee_name": "", "attendee_key": "self", "dependent": null, "amount_due": "10.00", "paid": false, "payment_date": null, "created_at": "2026-02-09T00:48:01.539Z"}}, {"model": "booking.reservation", "pk": 21, "fields": {"trainer": 1, "client": 3, "timeslot": 58, "checkout": "33bd8a69-1bfc-4cd1-9a3c-34ffe7cdb8b7", "payment_method": "STRIPE", "reference_code": "T1-AZ1FCU", "attendee_type": "SELF", "attendee_name": "", "attendee_key": "self", "dependent": null, "amount_due": "10.00", "paid": false, "payment_date": null, "created_at": "2026-02-09T00:55:36.401Z"}}, {"model": "booking.reservation", "pk": 22, "fields": {"trainer": 1, "client": 3, "timeslot": 70, "checkout": "33bd8a69-1bfc-4cd1-9a3c-34ffe7cdb8b7", "payment_method": "STRIPE", "reference_code": "T1-LD6OEY", "attendee_type": "SELF", "attendee_name": "", "attendee_key": "self", "dependent": null, "amount_due": "10.00", "paid": false, "payment_date": null, "created_at": "2026-02-09T00:55:36.404Z"}}, {"model": "booking.reservation", "pk": 23, "fields": {"trainer": 1, "client": 3, "timeslot": 90, "checkout": "33bd8a69-1bfc-4cd1-9a3c-34ffe7cdb8b7", "payment_method": "STRIPE", "reference_code": "T1-XYRUJ9", "attendee_type": "SELF", "attendee_name": "", "attendee_key": "self", "dependent": null, "amount_due": "10.00", "paid": false, "payment_date": null, "created_at": "2026-02-09T00:55:36.406Z"}}, {"model": "booking.reservation", "pk": 24, "fields": {"trainer": 1, "client": 1, "timeslot": 56, "checkout": "49d72a4c-8b66-40db-a338-8b3efe7c3161", "payment_method": "STRIPE", "reference_code": "T1-87LL1E", "attendee_type": "SELF", "attendee_name": "", "attendee_key": "self", "dependent": null, "amount_due": "10.00", "paid": false, "payment_date": null, "created_at": "2026-02-09T03:30:35.351Z"}}, {"model": "booking.reservation", "pk": 25, "fields": {"trainer": 1, "client": 1, "timeslot": 57, "checkout": "a88ed75e-35c1-4d67-9c94-15af47fb61dd", "payment_method": "STRIPE", "reference_code": "T1-3PKDWF", "attendee_type": "SELF", "attendee_name": "", "attendee_key": "self", "dependent": null, "amount_due": "10.00", "paid": false, "payment_date": null, "created_at": "2026-02-09T03:36:08.288Z"}}, {"model": "booking.reservation", "pk": 26, "fields": {"trainer": 1, "client": 1, "timeslot": 62, "checkout": "a88ed75e-35c1-4d67-9c94-15af47fb61dd", "payment_method": "STRIPE", "reference_code": "T1-N6WBR7", "attendee_type": "SELF", "attendee_name": "", "attendee_key": "self", "dependent": null, "amount_due": "10.00", "paid": false, "payment_date": null, "created_at": "2026-02-09T03:36:08.291Z"}}, {"model": "booking.reservation", "pk": 27, "fields": {"trainer": 1, "client": 1, "timeslot": 86, "checkout": "a88ed75e-35c1-4d67-9c94-15af47fb61dd", "payment_method": "STRIPE", "reference_code": "T1-ZUJA8X", "attendee_type": "SELF", "attendee_name": "", "attendee_key": "self", "dependent": null, "amount_due": "10.00", "paid": false, "payment_date": null, "created_at": "2026-02-09T03:36:08.293Z"}}, {"model": "booking.reservation", "pk": 28, "fields": {"trainer": 1, "client": 1, "timeslot": 65, "checkout": "02ccac24-4747-4e67-8710-0382b0b10b21", "payment_method": "STRIPE", "reference_code": "T1-EPISQD", "attendee_type": "SELF", "attendee_name": "", "attendee_key": "self", "dependent": null, "amount_due": "10.00", "paid": false, "payment_date": null, "created_at": "2026-02-09T03:48:20.418Z"}}, {"model": "booking.reservation", "pk": 29, "fields": {"trainer": 2, "client": 4, "timeslot": 93, "checkout": "ca677366-0fb0-4044-8515-10acfa6ae838", "payment_method": "STRIPE", "reference_code": "T2-RR82IJ", "attendee_type": "SELF", "attendee_name": "", "attendee_key": "self", "dependent": null, "amount_due": "30.00", "paid": false, "payment_date": null, "created_at": "2026-02-14T01:40:29.481Z"}}, {"model": "booking.reservation", "pk": 34, "fields": {"trainer": 2, "client": 5, "timeslot": 125, "checkout": "6d4cc35e-b754-42b6-b78f-c5335d2fb94f", "payment_method": "STRIPE", "reference_code": "T2-KFEMKS", "attendee_type": "SELF", "attendee_name": "", "attendee_key": "self", "dependent": null, "amount_due": "45.00", "paid": false, "payment_date": null, "created_at": "2026-02-16T01:57:37.116Z"}}, {"model": "booking.reservation", "pk": 35, "fields": {"trainer": 2, "client": 5, "timeslot": 98, "checkout": "6d4cc35e-b754-42b6-b78f-c5335d2fb94f", "payment_method": "STRIPE", "reference_code": "T2-DMCZXF", "attendee_type": "SELF", "attendee_name": "", "attendee_key": "self", "dependent": null, "amount_due": "45.00", "paid": false, "payment_date": null, "created_at": "2026-02-16T01:57:37.119Z"}}, {"model": "booking.reservation", "pk": 36, "fields": {"trainer": 2, "client": 5, "timeslot": 126, "checkout": "90c88fa5-fbee-4fd5-8f10-f09691ccda7a", "payment_method": "STRIPE", "reference_code": "T2-1VKWI5", "attendee_type": "SELF", "attendee_name": "", "attendee_key": "self", "dependent": null, "amount_due": "45.00", "paid": false, "payment_date": null, "created_at": "2026-02-16T03:37:25.033Z"}}, {"model": "booking.reservation", "pk": 37, "fields": {"trainer": 2, "client": 5, "timeslot": 96, "checkout": "90c88fa5-fbee-4fd5-8f10-f09691ccda7a", "payment_method": "STRIPE", "reference_code": "T2-KX4N8M", "attendee_type": "SELF", "attendee_name": "", "attendee_key": "self", "dependent": null, "amount_due": "45.00", "paid": false, "payment_date": null, "created_at": "2026-02-16T03:37:25.036Z"}}, {"model": "booking.reservation", "pk": 38, "fields": {"trainer": 2, "client": 5, "timeslot": 119, "checkout": "90c88fa5-fbee-4fd5-8f10-f09691ccda7a", "payment_method": "STRIPE", "reference_code": "T2-L74LQP", "attendee_type": "SELF", "attendee_name": "", "attendee_key": "self", "dependent": null, "amount_due": "45.00", "paid": false, "payment_date": null, "created_at": "2026-02-16T03:37:25.038Z"}}, {"model": "booking.reservation", "pk": 39, "fields": {"trainer": 2, "client": 5, "timeslot": 97, "checkout": "982badef-452e-4e4d-a9d4-3ad509397619", "payment_method": "STRIPE", "reference_code": "T2-CGKDOB", "attendee_type": "SELF", "attendee_name": "", "attendee_key": "self", "dependent": null, "amount_due": "45.00", "paid": false, "payment_date": null, "created_at": "2026-02-16T05:02:30.156Z"}}, {"model": "booking.reservation", "pk": 40, "fields": {"trainer": 2, "client": 5, "timeslot": 101, "checkout": "982badef-452e-4e4d-a9d4-3ad509397619", "payment_method": "STRIPE", "reference_code": "T2-HYMUCH", "attendee_type": "SELF", "attendee_name": "", "attendee_key": "self", "dependent": null, "amount_due": "45.00", "paid": false, "payment_date": null, "created_at": "2026-02-16T05:02:30.158Z"}}, {"model": "booking.reservation", "pk": 41, "fields": {"trainer": 2, "client": 5, "timeslot": 121, "checkout": "982badef-452e-4e4d-a9d4-3ad509397619", "payment_method": "STRIPE", "reference_code": "T2-M77BOV", "attendee_type": "SELF", "attendee_name": "", "attendee_key": "self", "dependent": null, "amount_due": "45.00", "paid": false, "payment_date": null, "created_at": "2026-02-16T05:02:30.160Z"}}, {"model": "booking.reservation", "pk": 42, "fields": {"trainer": 2, "client": 5, "timeslot": 99, "checkout": "1884486a-e998-4a19-a2e4-b184ea432f94", "payment_method": "STRIPE", "reference_code": "T2-LP6W7K", "attendee_type": "SELF", "attendee_name": "", "attendee_key": "self", "dependent": null, "amount_due": "45.00", "paid": false, "payment_date": null, "created_at": "2026-02-16T05:09:28.636Z"}}, {"model": "booking.reservation", "pk": 43, "fields": {"trainer": 2, "client": 5, "timeslot": 95, "checkout": "1884486a-e998-4a19-a2e4-b184ea432f94", "payment_method": "STRIPE", "reference_code": "T2-C5H6MA", "attendee_type": "SELF", "attendee_name": "", "attendee_key": "self", "dependent": null, "amount_due": "45.00", "paid": false, "payment_date": null, "created_at": "2026-02-16T05:09:28.638Z"}}, {"model": "booking.reservation", "pk": 44, "fields": {"trainer": 2, "client": 5, "timeslot": 103, "checkout": "1884486a-e998-4a19-a2e4-b184ea432f94", "payment_method": "STRIPE", "reference_code": "T2-NFXJIW", "attendee_type": "SELF", "attendee_name": "", "attendee_key": "self", "dependent": null, "amount_due": "45.00", "paid": false, "payment_date": null, "created_at": "2026-02-16T05:09:28.640Z"}}, {"model": "booking.reservation", "pk": 45, "fields": {"trainer": 2, "client": 5, "timeslot": 120, "checkout": "1884486a-e998-4a19-a2e4-b184ea432f94", "payment_method": "STRIPE", "reference_code": "T2-0LZYKX", "attendee_type": "SELF", "attendee_name": "", "attendee_key": "self", "dependent": null, "amount_due": "45.00", "paid": false, "payment_date": null, "created_at": "2026-02-16T05:09:28.641Z"}}, {"model": "booking.reservation", "pk": 46, "fields": {"trainer": 2, "client": 6, "timeslot": 99, "checkout": "cc4db84c-b791-437f-abbf-01b83c91d1bc", "payment_method": "STRIPE", "reference_code": "T2-4RKEZG", "attendee_type": "SELF", "attendee_name": "", "attendee_key": "self", "dependent": null, "amount_due": "45.00", "paid": false, "payment_date": null, "created_at": "2026-02-17T00:46:25.071Z"}}, {"model": "booking.reservation", "pk": 47, "fields": {"trainer": 2, "client": 6, "timeslot": 102, "checkout": "cc4db84c-b791-437f-abbf-01b83c91d1bc", "payment_method": "STRIPE", "reference_code": "T2-4PMDBK", "attendee_type": "SELF", "attendee_name": "", "attendee_key": "self", "dependent": null, "amount_due": "45.00", "paid": false, "payment_date": null, "created_at": "2026-02-17T00:46:25.074Z"}}, {"model": "booking.reservation", "pk": 48, "fields": {"trainer": 2, "client": 6, "timeslot": 119, "checkout": "cc4db84c-b791-437f-abbf-01b83c91d1bc", "payment_method": "STRIPE", "reference_code": "T2-AXAHXT", "attendee_type": "SELF", "attendee_name": "", "attendee_key": "self", "dependent": null, "amount_due": "45.00", "paid": false, "payment_date": null, "created_at": "2026-02-17T00:46:25.076Z"}}, {"model": "booking.reservation", "pk": 49, "fields": {"trainer": 2, "client": 6, "timeslot": 98, "checkout": "3c9d275f-154c-4165-a9dc-0729810cb66b", "payment_method": "STRIPE", "reference_code": "T2-LGAKSB", "attendee_type": "SELF", "attendee_name": "", "attendee_key": "self", "dependent": null, "amount_due": "45.00", "paid": true, "payment_date": "2026-02-17T21:32:11.291Z", "created_at": "2026-02-17T21:31:40.986Z"}}, {"model": "booking.reservation", "pk": 50, "fields": {"trainer": 2, "client": 6, "timeslot": 100, "checkout": "3c9d275f-154c-4165-a9dc-0729810cb66b", "payment_method": "STRIPE", "reference_code": "T2-7ILN2D", "attendee_type": "SELF", "attendee_name": "", "attendee_key": "self", "dependent": null, "amount_due": "45.00", "paid": true, "payment_date": "2026-02-17T21:32:11.291Z", "created_at": "2026-02-17T21:31:40.989Z"}}, {"model": "booking.reservation", "pk": 51, "fields": {"trainer": 2, "client": 6, "timeslot": 121, "checkout": "3c9d275f-154c-4165-a9dc-0729810cb66b", "payment_method": "STRIPE", "reference_code": "T2-SQPKU3", "attendee_type": "SELF", "attendee_name": "", "attendee_key": "self", "dependent": null, "amount_due": "45.00", "paid": true, "payment_date": "2026-02-17T21:32:11.291Z", "created_at": "2026-02-17T21:31:40.991Z"}}, {"model": "booking.reservation", "pk": 53, "fields": {"trainer": 2, "client": 5, "timeslot": 109, "checkout": "798934ce-8c64-458f-bfe1-ff2ac9e7723b", "payment_method": "STRIPE", "reference_code": "T2-T5SHLS", "attendee_type": "SELF", "attendee_name": "", "attendee_key": "self", "dependent": null, "amount_due": "45.00", "paid": true, "payment_date": "2026-02-23T03:00:11.201Z", "created_at": "2026-02-23T02:59:41.629Z"}}, {"model": "booking.reservation", "pk": 54, "fields": {"trainer": 2, "client": 5, "timeslot": 114, "checkout": "798934ce-8c64-458f-bfe1-ff2ac9e7723b", "payment_method": "STRIPE", "reference_code": "T2-B2PVLJ", "attendee_type": "SELF", "attendee_name": "", "attendee_key": "self", "dependent": null, "amount_due": "45.00", "paid": true, "payment_date": "2026-02-23T03:00:11.201Z", "created_at": "2026-02-23T02:59:41.631Z"}}, {"model": "booking.reservation", "pk": 55, "fields": {"trainer": 2, "client": 4, "timeslot": 112, "checkout": "e877f0eb-b7ef-41df-b867-1643bf5b8a74", "payment_method": "STRIPE", "reference_code": "T2-ECB8BC", "attendee_type": "SELF", "attendee_name": "", "attendee_key": "self", "dependent": null, "amount_due": "45.00", "paid": true, "payment_date": "2026-02-23T04:03:48.006Z", "created_at": "2026-02-23T04:03:20.445Z"}}, {"model": "booking.reservation", "pk": 56, "fields": {"trainer": 2, "client": 4, "timeslot": 122, "checkout": "e877f0eb-b7ef-41df-b867-1643bf5b8a74", "payment_method": "STRIPE", "reference_code": "T2-CJ9DDD", "attendee_type": "SELF", "attendee_name": "", "attendee_key": "self", "dependent": null, "amount_due": "45.00", "paid": true, "payment_date": "2026-02-23T04:03:48.006Z", "created_at": "2026-02-23T04:03:20.447Z"}}, {"model": "booking.reservation", "pk": 57, "fields": {"trainer": 2, "client": 7, "timeslot": 108, "checkout": "ac4c7b83-2e96-4998-940a-528544df3ce3", "payment_method": "STRIPE", "reference_code": "T2-NJODIS", "attendee_type": "SELF", "attendee_name": "", "attendee_key": "self", "dependent": null, "amount_due": "45.00", "paid": false, "payment_date": null, "created_at": "2026-02-23T21:03:54.760Z"}}, {"model": "booking.reservation", "pk": 58, "fields": {"trainer": 2, "client": 7, "timeslot": 113, "checkout": "ac4c7b83-2e96-4998-940a-528544df3ce3", "payment_method": "STRIPE", "reference_code": "T2-SYK4IC", "attendee_type": "SELF", "attendee_name": "", "attendee_key": "self", "dependent": null, "amount_due": "45.00", "paid": true, "payment_date": null, "created_at": "2026-02-23T21:03:54.763Z"}}, {"model": "booking.reservation", "pk": 59, "fields": {"trainer": 2, "client": 7, "timeslot": 109, "checkout": "3f4f6e04-2129-41af-989b-c0b9764f624d", "payment_method": "STRIPE", "reference_code": "T2-SSIFJK", "attendee_type": "SELF", "attendee_name": "", "attendee_key": "self", "dependent": null, "amount_due": "45.00", "paid": true, "payment_date": "2026-02-23T21:06:06.775Z", "created_at": "2026-02-23T21:04:43.237Z"}}, {"model": "booking.reservation", "pk": 60, "fields": {"trainer": 2, "client": 7, "timeslot": 123, "checkout": "3f4f6e04-2129-41af-989b-c0b9764f624d", "payment_method": "STRIPE", "reference_code": "T2-QXTVZO", "attendee_type": "SELF", "attendee_name": "", "attendee_key": "self", "dependent": null, "amount_due": "45.00", "paid": true, "payment_date": "2026-02-23T21:06:06.775Z", "created_at": "2026-02-23T21:04:43.240Z"}}, {"model": "booking.reservation", "pk": 61, "fields": {"trainer": 2, "client": 4, "timeslot": 141, "checkout": "ef1b84ee-bc4c-4a7a-a94c-9f53a07d75a3", "payment_method": "STRIPE", "reference_code": "T2-YUZU81", "attendee_type": "SELF", "attendee_name": "", "attendee_key": "self", "dependent": null, "amount_due": "45.00", "paid": true, "payment_date": "2026-02-23T22:48:07.473Z", "created_at": "2026-02-23T22:47:40.227Z"}}, {"model": "booking.reservation", "pk": 62, "fields": {"trainer": 2, "client": 4, "timeslot": 138, "checkout": "817be248-6f03-470f-a6fb-b58eadc3e2a0", "payment_method": "STRIPE", "reference_code": "T2-V8QC2E", "attendee_type": "SELF", "attendee_name": "", "attendee_key": "self", "dependent": null, "amount_due": "45.00", "paid": true, "payment_date": "2026-02-23T23:10:32.222Z", "created_at": "2026-02-23T23:10:07.262Z"}}, {"model": "booking.reservation", "pk": 63, "fields": {"trainer": 2, "client": 4, "timeslot": 142, "checkout": "817be248-6f03-470f-a6fb-b58eadc3e2a0", "payment_method": "STRIPE", "reference_code": "T2-ACLJ5Z", "attendee_type": "SELF", "attendee_name": "", "attendee_key": "self", "dependent": null, "amount_due": "45.00", "paid": true, "payment_date": "2026-02-23T23:10:32.222Z", "created_at": "2026-02-23T23:10:07.265Z"}}, {"model": "booking.reservation", "pk": 65, "fields": {"trainer": 2, "client": 4, "timeslot": 111, "checkout": "2af49a3d-486a-456b-b3ba-c8549e04b485", "payment_method": "STRIPE", "reference_code": "T2-DKQKTT", "attendee_type": "SELF", "attendee_name": "Luis", "attendee_key": "self", "dependent": null, "amount_due": "45.00", "paid": true, "payment_date": "2026-02-26T01:53:30.317Z", "created_at": "2026-02-26T01:52:45.854Z"}}, {"model": "booking.reservation", "pk": 66, "fields": {"trainer": 2, "client": 4, "timeslot": 111, "checkout": "2af49a3d-486a-456b-b3ba-c8549e04b485", "payment_method": "STRIPE", "reference_code": "T2-HKGPC7", "attendee_type": "DEPENDENT", "attendee_name": "Carolina", "attendee_key": "dep:1", "dependent": 1, "amount_due": "45.00", "paid": true, "payment_date": "2026-02-26T01:53:30.317Z", "created_at": "2026-02-26T01:52:45.858Z"}}, {"model": "booking.reservation", "pk": 67, "fields": {"trainer": 2, "client": 4, "timeslot": 155, "checkout": "2af49a3d-486a-456b-b3ba-c8549e04b485", "payment_method": "STRIPE", "reference_code": "T2-9LRHBM", "attendee_type": "SELF", "attendee_name": "Luis", "attendee_key": "self", "dependent": null, "amount_due": "45.00", "paid": true, "payment_date": "2026-02-26T01:53:30.317Z", "created_at": "2026-02-26T01:52:45.860Z"}}, {"model": "booking.reservation", "pk": 68, "fields": {"trainer": 2, "client": 4, "timeslot": 155, "checkout": "2af49a3d-486a-456b-b3ba-c8549e04b485", "payment_method": "STRIPE", "reference_code": "T2-CVAMZD", "attendee_type": "DEPENDENT", "attendee_name": "Carolina", "attendee_key": "dep:1", "dependent": 1, "amount_due": "45.00", "paid": true, "payment_date": "2026-02-26T01:53:30.317Z", "created_at": "2026-02-26T01:52:45.862Z"}}, {"model": "booking.reservation", "pk": 69, "fields": {"trainer": 2, "client": 4, "timeslot": 115, "checkout": "2af49a3d-486a-456b-b3ba-c8549e04b485", "payment_method": "STRIPE", "reference_code": "T2-JB5BCN", "attendee_type": "SELF", "attendee_name": "Luis", "attendee_key": "self", "dependent": null, "amount_due": "45.00", "paid": true, "payment_date": "2026-02-26T01:53:30.317Z", "created_at": "2026-02-26T01:52:45.864Z"}}, {"model": "booking.reservation", "pk": 70, "fields": {"trainer": 2, "client": 4, "timeslot": 115, "checkout": "2af49a3d-486a-456b-b3ba-c8549e04b485", "payment_method": "STRIPE", "reference_code": "T2-4IYZNX", "attendee_type": "DEPENDENT", "attendee_name": "Carolina", "attendee_key": "dep:1", "dependent": 1, "amount_due": "45.00", "paid": true, "payment_date": "2026-02-26T01:53:30.317Z", "created_at": "2026-02-26T01:52:45.866Z"}}, {"model": "booking.reservation", "pk": 72, "fields": {"trainer": 2, "client": 4, "timeslot": 156, "checkout": "b2cd9b74-8c37-467b-9f88-fb45749483cf", "payment_method": "STRIPE", "reference_code": "T2-0NWLRD", "attendee_type": "SELF", "attendee_name": "Luis", "attendee_key": "self", "dependent": null, "amount_due": "45.00", "paid": true, "payment_date": "2026-02-26T02:00:27.430Z", "created_at": "2026-02-26T02:00:01.420Z"}}, {"model": "booking.reservation", "pk": 73, "fields": {"trainer": 2, "client": 4, "timeslot": 171, "checkout": "68154bc6-4409-4ec6-b404-857e1b0a08e4", "payment_method": "STRIPE", "reference_code": "T2-GNFCXA", "attendee_type": "SELF", "attendee_name": "Luis", "attendee_key": "self", "dependent": null, "amount_due": "45.00", "paid": true, "payment_date": "2026-03-01T03:40:19.598Z", "created_at": "2026-03-01T03:39:49.614Z"}}, {"model": "booking.reservation", "pk": 74, "fields": {"trainer": 2, "client": 4, "timeslot": 139, "checkout": "68154bc6-4409-4ec6-b404-857e1b0a08e4", "payment_method": "STRIPE", "reference_code": "T2-0SAVZB", "attendee_type": "SELF", "attendee_name": "Luis", "attendee_key": "self", "dependent": null, "amount_due": "45.00", "paid": true, "payment_date": "2026-03-01T03:40:19.598Z", "created_at": "2026-03-01T03:39:49.616Z"}}, {"model": "booking.reservation", "pk": 75, "fields": {"trainer": 2, "client": 4, "timeslot": 145, "checkout": "68154bc6-4409-4ec6-b404-857e1b0a08e4", "payment_method": "STRIPE", "reference_code": "T2-FLOZZZ", "attendee_type": "SELF", "attendee_name": "Luis", "attendee_key": "self", "dependent": null, "amount_due": "45.00", "paid": true, "payment_date": "2026-03-01T03:40:19.598Z", "created_at": "2026-03-01T03:39:49.619Z"}}, {"model": "booking.reservation", "pk": 76, "fields": {"trainer": 2, "client": 4, "timeslot": 137, "checkout": "e860485a-fbf2-46ab-b882-5db32d8562d4", "payment_method": "STRIPE", "reference_code": "T2-APSSHN", "attendee_type": "SELF", "attendee_name": "Luis", "attendee_key": "self", "dependent": null, "amount_due": "45.00", "paid": true, "payment_date": "2026-03-01T15:27:49.627Z", "created_at": "2026-03-01T15:27:24.819Z"}}, {"model": "booking.reservation", "pk": 77, "fields": {"trainer": 2, "client": 4, "timeslot": 144, "checkout": "e860485a-fbf2-46ab-b882-5db32d8562d4", "payment_method": "STRIPE", "reference_code": "T2-TJ1O76", "attendee_type": "SELF", "attendee_name": "Luis", "attendee_key": "self", "dependent": null, "amount_due": "45.00", "paid": true, "payment_date": "2026-03-01T15:27:49.627Z", "created_at": "2026-03-01T15:27:24.821Z"}}, {"model": "booking.reservation", "pk": 78, "fields": {"trainer": 2, "client": 4, "timeslot": 151, "checkout": "1b8d4206-999f-43f9-81ee-e0ba5efe016a", "payment_method": "ATH", "reference_code": "T2-MIG7KN", "attendee_type": "SELF", "attendee_name": "Luis", "attendee_key": "self", "dependent": null, "amount_due": "45.00", "paid": true, "payment_date": "2026-03-01T15:30:34.730Z", "created_at": "2026-03-01T15:28:14.300Z"}}, {"model": "booking.reservation", "pk": 79, "fields": {"trainer": 2, "client": 4, "timeslot": 140, "checkout": "60bf2a10-d5e3-4d1a-a047-7de06ae54cf5", "payment_method": "STRIPE", "reference_code": "T2-NVJSEJ", "attendee_type": "SELF", "attendee_name": "Luis", "attendee_key": "self", "dependent": null, "amount_due": "45.00", "paid": false, "payment_date": null, "created_at": "2026-03-01T22:09:21.530Z"}}, {"model": "booking.reservation", "pk": 80, "fields": {"trainer": 2, "client": 4, "timeslot": 143, "checkout": "d575abd8-fb62-41b4-8536-37623c3605f2", "payment_method": "ATH", "reference_code": "T2-2ROYS7", "attendee_type": "SELF", "attendee_name": "Luis", "attendee_key": "self", "dependent": null, "amount_due": "45.00", "paid": true, "payment_date": "2026-03-01T22:10:25.816Z", "created_at": "2026-03-01T22:09:37.370Z"}}, {"model": "booking.striperefundevent", "pk": 1, "fields": {"trainer": 2, "checkout": "798934ce-8c64-458f-bfe1-ff2ac9e7723b", "reservation": null, "refund_id": "re_3T3pNURsL2IufgyV0sh2nAVC", "payment_intent_id": "pi_3T3pNURsL2IufgyV0S095pf7", "amount": "45.00", "currency": "USD", "source": "trainer_portal", "status": "succeeded", "metadata": {"reservation_id": 52, "checkout_id": "798934ce-8c64-458f-bfe1-ff2ac9e7723b", "triggered_by_user_id": 2, "stripe_refund_raw": {"id": "re_3T3pNURsL2IufgyV0sh2nAVC", "amount": 4500, "currency": "usd", "status": "succeeded"}}, "created_at": "2026-02-23T23:31:36.664Z"}}, {"model": "booking.striperefundevent", "pk": 2, "fields": {"trainer": 2, "checkout": "817be248-6f03-470f-a6fb-b58eadc3e2a0", "reservation": null, "refund_id": "re_3T48GnRsL2IufgyV1oTTG6pf", "payment_intent_id": "pi_3T48GnRsL2IufgyV1D1fzXbs", "amount": "45.00", "currency": "USD", "source": "trainer_portal", "status": "succeeded", "metadata": {"reservation_id": 64, "checkout_id": "817be248-6f03-470f-a6fb-b58eadc3e2a0", "triggered_by_user_id": 2, "stripe_refund_raw": {"id": "re_3T48GnRsL2IufgyV1oTTG6pf", "amount": 4500, "currency": "usd", "status": "succeeded"}}, "created_at": "2026-02-26T03:03:39.543Z"}}, {"model": "booking.striperefundevent", "pk": 3, "fields": {"trainer": 2, "checkout": "806ce38e-00cc-46d6-ab75-c9b5d820b55a", "reservation": null, "refund_id": "re_3T4tqMRsL2IufgyV1NmnLoqf", "payment_intent_id": "pi_3T4tqMRsL2IufgyV1QUMP3eV", "amount": "45.00", "currency": "USD", "source": "trainer_portal", "status": "succeeded", "metadata": {"reservation_id": 71, "checkout_id": "806ce38e-00cc-46d6-ab75-c9b5d820b55a", "triggered_by_user_id": 2, "stripe_refund_raw": {"id": "re_3T4tqMRsL2IufgyV1NmnLoqf", "amount": 4500, "currency": "usd", "status": "succeeded"}}, "created_at": "2026-02-26T03:34:16.774Z"}}]